"setID","loc","grid","year","tl","w","sex","mat","age"
2014001,1,880,2014,445,737,"female","immature",2
2014001,1,880,2014,528,1571,"female","mature",4
2014001,1,880,2014,499,1138,"male","mature",4
2014001,1,880,2014,439,840,"male","mature",2
2014001,1,880,2014,433,818,"male","mature",2
2014001,1,880,2014,475,1188,"male","mature",3
2014001,1,880,2014,380,506,"female","immature",1
2014001,1,880,2014,493,1237,"female","mature",3
2014001,1,880,2014,431,794,"male","mature",2
2014001,1,880,2014,505,1266,"female","mature",3
2014001,1,880,2014,474,976,"female","mature",3
2014001,1,880,2014,521,1271,"female","mature",3
2014001,1,880,2014,375,457,"male","mature",1
2014001,1,880,2014,363,371,"female","immature",1
2014001,1,880,2014,497,1158,"female","mature",3
2014001,1,880,2014,378,688,"male","mature",3
2014001,1,880,2014,538,1563,"male","mature",7
2014001,1,880,2014,431,681,"male","mature",4
2014001,1,880,2014,364,401,"male","mature",1
2014001,1,880,2014,472,1012,"female","mature",3
2014001,1,880,2014,481,1036,"female","mature",2
2014001,1,880,2014,449,810,"female","mature",2
2014001,1,880,2014,368,435,"female","immature",1
2014001,1,880,2014,377,464,"female","immature",1
2014001,1,880,2014,375,440,"female","immature",1
2014001,1,880,2014,365,398,"female","immature",1
2014001,1,880,2014,515,1242,"female","mature",3
2014001,1,880,2014,506,1311,"female","mature",3
2014001,1,880,2014,355,392,"female","immature",1
2014001,1,880,2014,367,432,"female","immature",1
2014001,1,880,2014,365,412,"female","immature",1
2014001,1,880,2014,367,417,"female","immature",1
2014001,1,880,2014,380,527,"female","immature",1
2014001,1,880,2014,372,410,"male","mature",1
2014001,1,880,2014,360,417,"female","immature",1
2014001,1,880,2014,368,433,"female","immature",1
2014001,1,880,2014,343,355,"female","immature",1
2014001,1,880,2014,372,460,"female","immature",1
2014001,1,880,2014,372,448,"female","immature",1
2014001,1,880,2014,428,813,"male","mature",3
2014001,1,880,2014,365,400,"female","immature",1
2014001,1,880,2014,331,316,"male","immature",1
2014001,1,880,2014,357,391,"male","immature",1
2014001,1,880,2014,373,477,"male","mature",1
2014001,1,880,2014,373,441,"female","immature",1
2014001,1,880,2014,373,412,"female","immature",1
2014001,1,880,2014,350,359,"female","immature",1
2014001,1,880,2014,343,349,"female","immature",1
2014001,1,880,2014,422,750,"male","mature",2
2014001,1,880,2014,358,401,"female","immature",1
2014001,1,880,2014,355,367,"female","immature",1
2014001,1,880,2014,355,391,"female","immature",1
2014001,1,880,2014,426,738,"male","mature",3
2014001,1,880,2014,364,448,"female","immature",1
2014001,1,880,2014,310,290,"female","immature",1
2014001,1,880,2014,439,872,"male","mature",3
2014001,1,880,2014,435,755,"male","mature",3
2014001,1,880,2014,449,875,"male","mature",3
2014001,1,880,2014,439,869,"male","mature",3
2014001,1,880,2014,487,1085,"male","mature",4
2014001,1,880,2014,494,1314,"male","mature",4
2014001,1,880,2014,599,2085,"female","mature",5
2014004,1,901,2014,464,876,"male","mature",3
2014004,1,901,2014,345,340,"female","immature",1
2014004,1,901,2014,472,1019,"male","mature",3
2014004,1,901,2014,463,949,"male","mature",3
2014004,1,901,2014,469,899,"female","mature",2
2014004,1,901,2014,432,753,"male","mature",3
2014004,1,901,2014,486,1191,"male","mature",5
2014004,1,901,2014,463,956,"male","mature",2
2014004,1,901,2014,444,837,"male","mature",2
2014004,1,901,2014,358,368,"male","immature",1
2014004,1,901,2014,415,635,"male","mature",2
2014004,1,901,2014,425,704,"male","mature",3
2014004,1,901,2014,380,468,"female","immature",1
2014004,1,901,2014,376,426,"male","immature",1
2014004,1,901,2014,362,384,"female","immature",1
2014004,1,901,2014,368,423,"female","immature",1
2014004,1,901,2014,438,811,"male","mature",2
2014004,1,901,2014,427,815,"male","mature",2
2014004,1,901,2014,443,789,"male","mature",2
2014004,1,901,2014,457,937,"male","mature",3
2014004,1,901,2014,366,418,"female","immature",1
2014004,1,901,2014,351,347,"female","immature",1
2014004,1,901,2014,452,767,"male","mature",3
2014004,1,901,2014,502,1189,"male","mature",3
2014004,1,901,2014,437,692,"male","mature",2
2014004,1,901,2014,351,372,"female","immature",1
2014004,1,901,2014,361,359,"female","immature",1
2014004,1,901,2014,393,479,"female","immature",1
2014004,1,901,2014,363,394,"male","immature",1
2014004,1,901,2014,364,405,"male","immature",1
2014004,1,901,2014,371,430,"female","immature",1
2014004,1,901,2014,374,468,"male","mature",1
2014004,1,901,2014,352,365,"male","mature",1
2014004,1,901,2014,357,358,"male","immature",1
2014004,1,901,2014,337,321,"female","immature",1
2014004,1,901,2014,366,409,"female","immature",1
2014004,1,901,2014,357,417,"male","mature",1
2014004,1,901,2014,381,469,"female","immature",1
2014004,1,901,2014,372,434,"male","mature",1
2014004,1,901,2014,360,385,"female","immature",1
2014004,1,901,2014,367,378,"female","immature",1
2014004,1,901,2014,370,426,"male","mature",1
2014004,1,901,2014,367,405,"male","immature",1
2014004,1,901,2014,353,369,"female","immature",1
2014004,1,901,2014,353,353,"female","immature",1
2014004,1,901,2014,408,542,"female","immature",1
2014004,1,901,2014,448,958,"male","mature",2
2014004,1,901,2014,447,856,"female","immature",2
2014004,1,901,2014,378,444,"female","immature",1
2014004,1,901,2014,360,425,"male","mature",1
2014004,1,901,2014,380,422,"female","immature",1
2014004,1,901,2014,373,394,"male","immature",1
2014004,1,901,2014,370,437,"male","mature",1
2014004,1,901,2014,332,280,"male","mature",1
2014004,1,901,2014,379,505,"male","mature",1
2014004,1,901,2014,327,318,"male","immature",1
2014004,1,901,2014,423,649,"male","mature",2
2014004,1,901,2014,466,1007,"male","mature",2
2014004,1,901,2014,362,364,"male","immature",1
2014004,1,901,2014,372,416,"female","immature",1
2014004,1,901,2014,377,452,"female","immature",1
2014004,1,901,2014,353,345,"male","immature",1
2014004,1,901,2014,372,433,"male","mature",1
2014004,1,901,2014,374,399,"female","immature",1
2014004,1,901,2014,310,252,"male","immature",1
2014004,1,901,2014,348,350,"female","immature",1
2014004,1,901,2014,359,383,"female","immature",1
2014004,1,901,2014,346,319,"male","immature",1
2014004,1,901,2014,436,771,"male","mature",2
2014004,1,901,2014,332,322,"female","immature",1
2014004,1,901,2014,376,453,"female","immature",1
2014004,1,901,2014,477,1000,"male","mature",4
2014004,1,901,2014,424,656,"male","mature",2
2014004,1,901,2014,445,788,"male","mature",2
2014004,1,901,2014,353,392,"female","immature",1
2014004,1,901,2014,480,1069,"male","mature",4
2014004,1,901,2014,360,411,"male","mature",1
2014004,1,901,2014,471,977,"male","mature",3
2014004,1,901,2014,366,439,"female","immature",1
2014004,1,901,2014,506,1252,"male","mature",3
2014004,1,901,2014,441,870,"male","mature",2
2014004,1,901,2014,376,446,"female","immature",1
2014004,1,901,2014,453,803,"male","mature",2
2014004,1,901,2014,349,340,"male","immature",1
2014004,1,901,2014,456,856,"male","mature",4
2014004,1,901,2014,466,1000,"male","mature",3
2014004,1,901,2014,491,1106,"male","mature",4
2014004,1,901,2014,512,1170,"female","mature",3
2014004,1,901,2014,422,610,"male","mature",2
2014004,1,901,2014,444,732,"female","immature",2
2014004,1,901,2014,377,472,"male","mature",1
2014004,1,901,2014,369,450,"male","mature",1
2014004,1,901,2014,366,436,"female","immature",1
2014004,1,901,2014,367,425,"male","mature",1
2014004,1,901,2014,371,475,"male","mature",1
2014004,1,901,2014,387,451,"female","immature",1
2014004,1,901,2014,470,975,"male","mature",3
2014004,1,901,2014,453,854,"female","mature",2
2014004,1,901,2014,380,499,"male","mature",3
2014004,1,901,2014,372,418,"female","immature",1
2014004,1,901,2014,341,361,"male","mature",1
2014004,1,901,2014,477,1061,"male","mature",4
2014004,1,901,2014,372,411,"female","immature",1
2014004,1,901,2014,459,901,"female","immature",2
2014004,1,901,2014,516,1219,"male","mature",5
2014004,1,901,2014,314,232,"male","immature",1
2014004,1,901,2014,465,1035,"male","mature",3
2014004,1,901,2014,386,475,"female","immature",1
2014004,1,901,2014,359,407,"female","immature",1
2014004,1,901,2014,360,404,"female","immature",1
2014004,1,901,2014,337,324,"male","immature",1
2014004,1,901,2014,382,539,"male","mature",1
2014004,1,901,2014,433,768,"male","mature",2
2014004,1,901,2014,364,397,"male","immature",1
2014004,1,901,2014,368,483,"female","immature",1
2014004,1,901,2014,477,1140,"male","mature",3
2014004,1,901,2014,389,608,"male","mature",1
2014004,1,901,2014,427,739,"male","mature",2
2014005,1,904,2014,472,978,"male","mature",3
2014005,1,904,2014,476,974,"male","mature",2
2014006,1,918,2014,407,684,"male","mature",2
2014006,1,918,2014,496,1097,"female","immature",2
2014006,1,918,2014,504,1138,"female","mature",3
2014006,1,918,2014,473,949,"female","mature",2
2014006,1,918,2014,445,841,"female","immature",2
2014006,1,918,2014,448,903,"female","immature",2
2014008,1,932,2014,400,366,"male","mature",2
2014008,1,932,2014,576,1827,"female","mature",7
2014008,1,932,2014,356,412,"female","immature",1
2014008,1,932,2014,513,1260,"female","mature",3
2014008,1,932,2014,521,1326,"female","mature",3
2014008,1,932,2014,357,398,"female","immature",1
2014008,1,932,2014,364,401,"female","immature",1
2014009,1,949,2014,569,1760,"male","mature",11
2014009,1,949,2014,565,1742,"female","mature",5
2014009,1,949,2014,513,1260,"female","mature",3
2014009,1,949,2014,379,419,"male","immature",1
2014009,1,949,2014,358,399,"female","immature",1
2014009,1,949,2014,368,413,"female","immature",1
2014009,1,949,2014,357,391,"female","immature",1
2014009,1,949,2014,351,381,"female","immature",1
2014009,1,949,2014,357,365,"female","immature",1
2014009,1,949,2014,369,443,"female","immature",1
2014009,1,949,2014,367,392,"male","mature",1
2014009,1,949,2014,358,374,"female","immature",1
2014009,1,949,2014,357,359,"male","immature",1
2014009,1,949,2014,365,429,"male","mature",1
2014009,1,949,2014,345,353,"male","immature",1
2014009,1,949,2014,365,416,"male","mature",1
2014009,1,949,2014,350,364,"male","mature",1
2014009,1,949,2014,352,328,"female","immature",1
2014011,1,951,2014,390,561,"female","immature",1
2014011,1,951,2014,362,416,"female","immature",1
2014011,1,951,2014,656,2885,"female","mature",7
2014011,1,951,2014,345,359,"male","immature",1
2014011,1,951,2014,353,395,"female","immature",1
2014011,1,951,2014,356,405,"female","immature",1
2014011,1,951,2014,377,461,"male","mature",1
2014011,1,951,2014,360,402,"female","immature",1
2014011,1,951,2014,459,849,"male","mature",3
2014011,1,951,2014,357,376,"female","immature",1
2014011,1,951,2014,367,463,"male","immature",1
2014011,1,951,2014,524,1228,"female","mature",3
2014011,1,951,2014,341,361,"male","immature",1
2014011,1,951,2014,532,1491,"male","mature",5
2014011,1,951,2014,588,1841,"male","mature",11
2014011,1,951,2014,567,1582,"female","mature",5
2014011,1,951,2014,362,372,"female","immature",1
2014011,1,951,2014,380,454,"female","immature",1
2014011,1,951,2014,581,1884,"male","mature",8
2014011,1,951,2014,556,1648,"male","mature",11
2014011,1,951,2014,529,1458,"male","mature",11
2014011,1,951,2014,375,485,"male","mature",1
2014011,1,951,2014,358,360,"male","immature",1
2014011,1,951,2014,356,369,"male","immature",1
2014011,1,951,2014,367,427,"male","immature",1
2014011,1,951,2014,328,286,"male","immature",1
2014011,1,951,2014,352,400,"female","immature",1
2014011,1,951,2014,352,349,"male","mature",1
2014011,1,951,2014,360,388,"male","immature",1
2014011,1,951,2014,317,287,"male","immature",1
2014011,1,951,2014,335,288,"female","immature",1
2014011,1,951,2014,343,326,"female","immature",1
2014012,1,952,2014,540,1403,"female","mature",4
2014012,1,952,2014,434,777,"female","mature",2
2014012,1,952,2014,535,1562,"female","mature",4
2014012,1,952,2014,375,503,"female","immature",1
2014012,1,952,2014,525,1265,"female","mature",4
2014012,1,952,2014,495,1213,"female","mature",2
2014012,1,952,2014,455,862,"male","mature",3
2014012,1,952,2014,611,2341,"female","mature",11
2014012,1,952,2014,485,1000,"female","mature",3
2014012,1,952,2014,513,1299,"female","mature",3
2014012,1,952,2014,449,846,"female","mature",2
2014012,1,952,2014,530,1536,"female","mature",4
2014012,1,952,2014,456,857,"female","mature",2
2014012,1,952,2014,485,1176,"female","mature",3
2014012,1,952,2014,508,1323,"female","mature",3
2014012,1,952,2014,468,996,"male","mature",3
2014012,1,952,2014,452,822,"female","immature",2
2014012,1,952,2014,364,450,"female","immature",1
2014012,1,952,2014,468,1070,"male","mature",3
2014012,1,952,2014,473,966,"male","mature",3
2014012,1,952,2014,363,392,"female","immature",1
2014012,1,952,2014,421,683,"female","mature",2
2014012,1,952,2014,383,499,"female","immature",1
2014012,1,952,2014,377,490,"female","immature",1
2014012,1,952,2014,352,379,"female","immature",1
2014012,1,952,2014,465,961,"male","mature",3
2014012,1,952,2014,359,449,"female","immature",1
2014012,1,952,2014,467,1041,"female","mature",2
2014012,1,952,2014,463,902,"female","immature",2
2014012,1,952,2014,341,360,"female","immature",1
2014012,1,952,2014,363,386,"female","immature",1
2014012,1,952,2014,346,359,"female","immature",1
2014012,1,952,2014,354,421,"female","immature",1
2014012,1,952,2014,464,869,"female","mature",2
2014012,1,952,2014,373,462,"female","immature",1
2014012,1,952,2014,362,402,"female","immature",1
2014012,1,952,2014,535,1435,"female","mature",4
2014012,1,952,2014,347,372,"female","immature",1
2014012,1,952,2014,350,419,"male","mature",1
2014012,1,952,2014,446,836,"female","mature",2
2014012,1,952,2014,367,443,"female","immature",1
2014012,1,952,2014,347,351,"female","immature",1
2014012,1,952,2014,362,455,"female","immature",1
2014012,1,952,2014,368,439,"female","immature",1
2014012,1,952,2014,350,407,"female","immature",1
2014012,1,952,2014,269,225,"female","immature",0
2014012,1,952,2014,524,1565,"female","mature",3
2014012,1,952,2014,483,1215,"female","mature",3
2014012,1,952,2014,524,1415,"female","mature",3
2014012,1,952,2014,630,2692,"female","mature",7
2014012,1,952,2014,367,410,"female","immature",1
2014012,1,952,2014,509,1301,"female","mature",3
2014012,1,952,2014,497,1172,"female","mature",3
2014012,1,952,2014,418,694,"female","mature",2
2014012,1,952,2014,359,381,"female","immature",1
2014012,1,952,2014,359,391,"female","immature",1
2014012,1,952,2014,459,863,"female","mature",2
2014012,1,952,2014,441,765,"female","mature",2
2014012,1,952,2014,441,757,"male","mature",2
2014012,1,952,2014,465,998,"female","mature",2
2014012,1,952,2014,346,372,"female","immature",1
2014012,1,952,2014,377,438,"female","immature",1
2014012,1,952,2014,360,369,"female","immature",1
2014012,1,952,2014,367,399,"female","immature",1
2014012,1,952,2014,387,500,"female","immature",1
2014012,1,952,2014,392,516,"female","immature",1
2014012,1,952,2014,354,374,"female","immature",1
2014012,1,952,2014,337,307,"female","immature",1
2014012,1,952,2014,429,721,"female","mature",2
2014012,1,952,2014,392,482,"female","immature",1
2014012,1,952,2014,368,425,"male","immature",1
2014012,1,952,2014,381,423,"male","immature",1
2014012,1,952,2014,369,422,"female","immature",1
2014012,1,952,2014,357,349,"female","immature",1
2014012,1,952,2014,354,358,"male","immature",1
2014012,1,952,2014,354,362,"female","immature",1
2014012,1,952,2014,362,394,"female","immature",1
2014012,1,952,2014,340,322,"male","immature",1
2014012,1,952,2014,359,379,"female","immature",1
2014012,1,952,2014,433,350,"male","mature",2
2014012,1,952,2014,377,485,"male","mature",1
2014012,1,952,2014,378,424,"female","immature",1
2014012,1,952,2014,334,299,"female","immature",1
2014012,1,952,2014,375,469,"female","immature",1
2014012,1,952,2014,385,483,"male","mature",1
2014012,1,952,2014,437,763,"female","mature",2
2014012,1,952,2014,455,800,"male","mature",3
2014012,1,952,2014,459,1070,"female","mature",2
2014012,1,952,2014,445,847,"female","immature",2
2014012,1,952,2014,407,546,"male","mature",2
2014012,1,952,2014,389,310,"male","immature",1
2014012,1,952,2014,397,365,"male","mature",1
2014012,1,952,2014,485,1051,"female","mature",3
2014012,1,952,2014,335,352,"male","immature",1
2014012,1,952,2014,363,390,"male","immature",1
2014012,1,952,2014,348,364,"male","immature",1
2014012,1,952,2014,345,347,"male","immature",1
2014012,1,952,2014,372,441,"male","immature",1
2014012,1,952,2014,367,430,"male","mature",1
2014012,1,952,2014,374,447,"female","immature",1
2014012,1,952,2014,346,384,"female","immature",1
2014012,1,952,2014,355,391,"male","immature",1
2014012,1,952,2014,335,313,"female","immature",1
2014012,1,952,2014,365,445,"male","immature",1
2014012,1,952,2014,341,344,"male","immature",1
2014012,1,952,2014,362,391,"female","immature",1
2014012,1,952,2014,344,340,"female","immature",1
2014012,1,952,2014,386,562,"female","mature",1
2014012,1,952,2014,447,752,"male","mature",2
2014012,1,952,2014,365,383,"female","immature",1
2014012,1,952,2014,357,426,"female","mature",1
2014012,1,952,2014,426,759,"female","mature",2
2014012,1,952,2014,349,375,"male","immature",1
2014012,1,952,2014,509,1246,"female","mature",3
2014012,1,952,2014,357,450,"male","mature",1
2014012,1,952,2014,365,456,"male","immature",1
2014012,1,952,2014,444,861,"female","mature",2
2014012,1,952,2014,439,859,"female","mature",2
2014012,1,952,2014,397,592,"female","mature",1
2014014,1,970,2014,549,1552,"female","mature",3
2014014,1,970,2014,347,336,"male","immature",1
2014014,1,970,2014,347,323,"female","immature",1
2014014,1,970,2014,367,417,"female","immature",1
2014014,1,970,2014,351,333,"female","immature",1
2014014,1,970,2014,362,403,"female","immature",1
2014014,1,970,2014,487,1079,"male","mature",4
2014014,1,970,2014,362,366,"male","mature",1
2014014,1,970,2014,369,433,"female","immature",1
2014014,1,970,2014,441,843,"female","immature",2
2014014,1,970,2014,461,960,"female","mature",2
2014014,1,970,2014,523,1417,"male","mature",7
2014014,1,970,2014,351,371,"male","mature",1
2014014,1,970,2014,567,1724,"male","mature",7
2014014,1,970,2014,447,902,"male","mature",2
2014014,1,970,2014,532,1477,"female","mature",3
2014014,1,970,2014,475,1056,"male","mature",4
2014014,1,970,2014,542,1701,"female","mature",4
2014014,1,970,2014,430,755,"male","mature",2
2014014,1,970,2014,542,1520,"female","mature",4
2014014,1,970,2014,528,1411,"female","mature",3
2014014,1,970,2014,521,1425,"male","mature",6
2014014,1,970,2014,566,1839,"male","mature",7
2014014,1,970,2014,429,731,"male","mature",2
2014014,1,970,2014,354,344,"female","immature",1
2014014,1,970,2014,457,782,"female","immature",3
2014014,1,970,2014,503,1154,"female","mature",3
2014014,1,970,2014,548,1660,"male","mature",7
2014014,1,970,2014,592,2048,"female","mature",4
2014014,1,970,2014,464,871,"male","mature",3
2014014,1,970,2014,492,1168,"female","mature",3
2014014,1,970,2014,347,337,"male","immature",1
2014014,1,970,2014,352,380,"male","mature",1
2014014,1,970,2014,357,364,"female","immature",1
2014014,1,970,2014,493,1140,"female","mature",3
2014014,1,970,2014,529,1563,"female","mature",4
2014014,1,970,2014,502,1359,"female","mature",3
2014014,1,970,2014,579,1960,"male","mature",11
2014014,1,970,2014,360,433,"female","immature",1
2014014,1,970,2014,373,438,"male","mature",1
2014014,1,970,2014,510,1272,"male","mature",4
2014014,1,970,2014,518,1338,"male","mature",7
2014014,1,970,2014,498,1315,"male","mature",4
2014014,1,970,2014,495,1217,"male","mature",4
2014014,1,970,2014,530,1332,"male","mature",11
2014014,1,970,2014,673,3226,"female","mature",9
2014014,1,970,2014,556,1718,"male","mature",7
2014014,1,970,2014,461,944,"female","immature",3
2014014,1,970,2014,481,1079,"female","immature",2
2014014,1,970,2014,368,392,"female","immature",1
2014014,1,970,2014,337,317,"male","immature",1
2014014,1,970,2014,331,330,"male","immature",1
2014014,1,970,2014,354,402,"male","mature",1
2014014,1,970,2014,431,759,"male","mature",2
2014014,1,970,2014,363,410,"female","immature",1
2014014,1,970,2014,357,421,"female","immature",1
2014014,1,970,2014,425,610,"male","mature",2
2014014,1,970,2014,428,828,"male","mature",2
2014014,1,970,2014,446,956,"male","mature",2
2014014,1,970,2014,477,1053,"male","mature",4
2014014,1,970,2014,373,485,"female","immature",1
2014014,1,970,2014,356,377,"female","immature",1
2014014,1,970,2014,433,792,"male","mature",2
2014014,1,970,2014,302,263,"female","immature",1
2014014,1,970,2014,452,807,"female","immature",3
2014014,1,970,2014,431,766,"male","mature",2
2014014,1,970,2014,482,984,"female","immature",2
2014014,1,970,2014,485,1166,"female","mature",3
2014014,1,970,2014,444,827,"male","mature",2
2014014,1,970,2014,418,780,"male","mature",2
2014014,1,970,2014,522,1410,"female","mature",3
2014014,1,970,2014,532,1380,"female","mature",3
2014014,1,970,2014,506,1275,"female","mature",3
2014014,1,970,2014,522,1604,"male","mature",4
2014014,1,970,2014,460,965,"male","mature",2
2014016,1,985,2014,494,1231,"male","mature",4
2014016,1,985,2014,510,1333,"male","mature",4
2014016,1,985,2014,584,1998,"male","mature",7
2014016,1,985,2014,446,856,"male","mature",2
2014016,1,985,2014,466,1021,"male","mature",4
2014016,1,985,2014,511,1385,"female","mature",3
2014016,1,985,2014,452,753,"male","mature",2
2014016,1,985,2014,458,891,"male","mature",3
2014016,1,985,2014,460,937,"male","mature",3
2014016,1,985,2014,487,1210,"male","mature",4
2014016,1,985,2014,478,976,"male","mature",4
2014016,1,985,2014,526,1317,"male","mature",7
2014016,1,985,2014,490,933,"male","mature",4
2014016,1,985,2014,503,1204,"female","mature",3
2014016,1,985,2014,442,807,"male","mature",2
2014016,1,985,2014,578,1925,"female","mature",4
2014016,1,985,2014,515,1272,"male","mature",4
2014016,1,985,2014,475,1314,"male","mature",3
2014016,1,985,2014,500,1260,"male","mature",4
2014016,1,985,2014,601,2147,"male","mature",11
2014016,1,985,2014,427,680,"male","mature",4
2014016,1,985,2014,481,1102,"male","mature",3
2014016,1,985,2014,461,936,"female","mature",2
2014016,1,985,2014,362,399,"male","immature",1
2014016,1,985,2014,362,393,"female","immature",1
2014016,1,985,2014,423,732,"male","mature",2
2014016,1,985,2014,347,361,"male","immature",1
2014016,1,985,2014,415,691,"male","mature",2
2014016,1,985,2014,381,455,"female","immature",1
2014016,1,985,2014,368,412,"male","immature",1
2014017,1,987,2014,462,975,"male","mature",3
2014017,1,987,2014,547,1728,"female","mature",3
2014017,1,987,2014,367,407,"male","immature",1
2014017,1,987,2014,511,1298,"male","mature",3
2014017,1,987,2014,512,1340,"female","mature",3
2014017,1,987,2014,453,823,"male","mature",3
2014017,1,987,2014,554,1630,"male","mature",4
2014017,1,987,2014,535,1474,"female","mature",3
2014017,1,987,2014,513,1357,"female","mature",3
2014017,1,987,2014,591,2061,"male","mature",11
2014017,1,987,2014,439,847,"male","mature",2
2014017,1,987,2014,498,1232,"male","mature",5
2014017,1,987,2014,536,1428,"female","mature",3
2014017,1,987,2014,477,1053,"male","mature",5
2014017,1,987,2014,626,2618,"female","mature",8
2014017,1,987,2014,488,1136,"female","immature",2
2014017,1,987,2014,503,1242,"female","mature",3
2014017,1,987,2014,460,934,"female","immature",2
2014017,1,987,2014,490,1122,"female","mature",3
2014017,1,987,2014,472,1072,"male","mature",2
2014017,1,987,2014,481,921,"male","mature",4
2014017,1,987,2014,508,1233,"male","mature",7
2014017,1,987,2014,463,984,"male","mature",2
2014017,1,987,2014,451,802,"male","mature",2
2014017,1,987,2014,468,1020,"male","mature",3
2014017,1,987,2014,378,443,"male","immature",1
2014017,1,987,2014,362,426,"female","immature",1
2014017,1,987,2014,453,900,"male","mature",2
2014017,1,987,2014,383,511,"female","immature",1
2014017,1,987,2014,438,788,"male","mature",3
2014017,1,987,2014,481,1080,"male","mature",5
2014017,1,987,2014,540,1438,"male","mature",7
2014017,1,987,2014,521,1271,"male","mature",7
2014017,1,987,2014,421,721,"male","mature",2
2014017,1,987,2014,484,1136,"female","mature",2
2014017,1,987,2014,458,909,"female","immature",2
2014017,1,987,2014,351,370,"male","mature",1
2014017,1,987,2014,478,996,"female","immature",2
2014017,1,987,2014,537,1493,"female","mature",3
2014017,1,987,2014,449,859,"male","mature",2
2014017,1,987,2014,433,831,"male","mature",2
2014017,1,987,2014,487,1210,"male","mature",4
2014017,1,987,2014,438,951,"male","mature",4
2014017,1,987,2014,521,1438,"female","mature",3
2014017,1,987,2014,369,417,"female","immature",1
2014017,1,987,2014,380,469,"female","immature",1
2014017,1,987,2014,363,447,"male","mature",1
2014017,1,987,2014,513,1504,"male","mature",4
2014017,1,987,2014,536,1460,"male","mature",4
2014017,1,987,2014,458,844,"female","immature",2
2014017,1,987,2014,587,2052,"male","mature",7
2014017,1,987,2014,358,361,"female","immature",1
2014017,1,987,2014,494,1072,"female","immature",3
2014017,1,987,2014,353,348,"male","immature",1
2014017,1,987,2014,599,2067,"male","mature",11
2014017,1,987,2014,524,1524,"male","mature",3
2014017,1,987,2014,476,1058,"male","mature",5
2014017,1,987,2014,381,445,"female","immature",1
2014017,1,987,2014,373,410,"female","immature",1
2014017,1,987,2014,480,1075,"male","mature",3
2014017,1,987,2014,572,1873,"female","mature",4
2014017,1,987,2014,369,485,"female","immature",1
2014017,1,987,2014,512,1317,"female","mature",3
2014017,1,987,2014,603,1847,"male","mature",11
2014017,1,987,2014,571,1866,"female","mature",4
2014017,1,987,2014,528,1563,"male","mature",4
2014017,1,987,2014,433,697,"female","immature",2
2014017,1,987,2014,420,767,"male","mature",2
2014017,1,987,2014,370,442,"female","immature",1
2014017,1,987,2014,363,445,"female","immature",1
2014017,1,987,2014,369,439,"male","mature",1
2014018,1,988,2014,620,2241,"female","mature",7
2014018,1,988,2014,535,1486,"female","mature",3
2014018,1,988,2014,515,1443,"male","mature",5
2014018,1,988,2014,557,1739,"female","mature",3
2014018,1,988,2014,462,929,"male","mature",2
2014018,1,988,2014,520,1422,"female","mature",3
2014018,1,988,2014,567,1889,"female","mature",4
2014018,1,988,2014,556,1862,"female","mature",4
2014018,1,988,2014,566,1857,"male","mature",11
2014018,1,988,2014,552,1585,"female","mature",4
2014018,1,988,2014,604,2242,"male","mature",11
2014018,1,988,2014,429,805,"male","mature",4
2014018,1,988,2014,449,831,"female","immature",2
2014018,1,988,2014,507,1338,"male","mature",3
2014018,1,988,2014,605,2047,"male","mature",11
2014018,1,988,2014,571,1932,"female","mature",4
2014018,1,988,2014,458,974,"male","mature",2
2014018,1,988,2014,427,748,"male","mature",2
2014018,1,988,2014,374,447,"female","immature",1
2014018,1,988,2014,475,1033,"male","mature",4
2014018,1,988,2014,365,438,"female","immature",1
2014018,1,988,2014,380,466,"female","mature",1
2014018,1,988,2014,374,414,"female","immature",1
2014018,1,988,2014,346,374,"female","immature",1
2014018,1,988,2014,367,443,"female","immature",1
2014018,1,988,2014,362,417,"female","immature",1
2014018,1,988,2014,352,414,"male","immature",1
2014018,1,988,2014,351,348,"female","immature",1
2014018,1,988,2014,405,630,"female","immature",1
2014018,1,988,2014,456,873,"female","immature",3
2014018,1,988,2014,450,901,"male","mature",2
2014018,1,988,2014,382,483,"female","immature",1
2014018,1,988,2014,381,566,"male","mature",1
2014018,1,988,2014,348,366,"female","immature",1
2014018,1,988,2014,360,430,"male","immature",1
2014018,1,988,2014,362,421,"female","immature",1
2014018,1,988,2014,371,457,"female","immature",1
2014018,1,988,2014,357,404,"female","immature",1
2014018,1,988,2014,357,400,"female","immature",1
2014018,1,988,2014,356,368,"male","immature",1
2014018,1,988,2014,361,353,"female","immature",1
2014018,1,988,2014,365,414,"female","immature",1
2014018,1,988,2014,356,370,"female","immature",1
2014018,1,988,2014,395,570,"female","immature",1
2014018,1,988,2014,360,426,"female","immature",1
2014018,1,988,2014,365,444,"female","immature",1
2014018,1,988,2014,335,342,"male","mature",1
2014018,1,988,2014,376,478,"female","immature",1
2014018,1,988,2014,382,555,"female","immature",1
2014018,1,988,2014,351,362,"female","immature",1
2014018,1,988,2014,359,398,"male","mature",1
2014018,1,988,2014,354,397,"male","mature",1
2014018,1,988,2014,362,390,"female","immature",1
2014018,1,988,2014,343,354,"female","immature",1
2014018,1,988,2014,424,729,"male","mature",2
2014018,1,988,2014,463,908,"male","mature",2
2014018,1,988,2014,362,449,"male","mature",1
2014018,1,988,2014,374,568,"male","mature",1
2014018,1,988,2014,325,340,"male","mature",1
2014018,1,988,2014,331,302,"male","immature",1
2014018,1,988,2014,350,401,"female","immature",1
2014018,1,988,2014,399,557,"female","immature",1
2014018,1,988,2014,362,383,"female","immature",1
2014018,1,988,2014,365,365,"female","immature",1
2014018,1,988,2014,346,378,"female","immature",1
2014018,1,988,2014,476,1094,"male","mature",3
2014018,1,988,2014,474,1134,"male","mature",3
2014018,1,988,2014,442,736,"female","immature",2
2014018,1,988,2014,507,1258,"male","mature",3
2014018,1,988,2014,441,859,"male","mature",3
2014018,1,988,2014,488,1089,"female","immature",2
2014018,1,988,2014,521,1408,"female","mature",3
2014018,1,988,2014,565,1745,"female","mature",3
2014018,1,988,2014,530,1553,"male","mature",5
2014019,2,1005,2014,662,3184,"female","mature",7
2014019,2,1005,2014,490,1145,"female","mature",2
2014019,2,1005,2014,607,2146,"male","mature",11
2014019,2,1005,2014,503,1486,"female","mature",3
2014019,2,1005,2014,489,1149,"male","mature",3
2014019,2,1005,2014,545,1380,"female","mature",4
2014019,2,1005,2014,519,1309,"male","mature",4
2014019,2,1005,2014,521,1437,"female","mature",3
2014019,2,1005,2014,510,1308,"male","mature",4
2014019,2,1005,2014,518,1391,"female","mature",3
2014019,2,1005,2014,453,887,"female","mature",4
2014019,2,1005,2014,530,1470,"male","mature",7
2014019,2,1005,2014,512,1426,"female","mature",3
2014019,2,1005,2014,355,387,"female","immature",1
2014019,2,1005,2014,454,835,"male","mature",3
2014019,2,1005,2014,526,1259,"female","immature",3
2014019,2,1005,2014,466,1039,"male","mature",3
2014019,2,1005,2014,441,778,"male","mature",2
2014019,2,1005,2014,505,1254,"female","mature",3
2014019,2,1005,2014,492,1326,"male","mature",4
2014019,2,1005,2014,474,1097,"male","mature",3
2014019,2,1005,2014,486,1246,"male","mature",3
2014019,2,1005,2014,488,1099,"male","mature",3
2014019,2,1005,2014,356,431,"male","mature",1
2014019,2,1005,2014,360,409,"male","mature",1
2014019,2,1005,2014,367,436,"female","immature",1
2014019,2,1005,2014,357,374,"male","immature",1
2014019,2,1005,2014,348,326,"male","immature",1
2014019,2,1005,2014,379,516,"female","immature",1
2014019,2,1005,2014,377,495,"male","mature",1
2014022,2,1014,2014,552,1585,"female","mature",4
2014022,2,1014,2014,467,984,"male","mature",3
2014022,2,1014,2014,460,874,"female","immature",3
2014022,2,1014,2014,537,1410,"female","mature",3
2014022,2,1014,2014,511,1186,"female","immature",3
2014022,2,1014,2014,521,1406,"female","mature",3
2014022,2,1014,2014,632,3006,"female","mature",5
2014022,2,1014,2014,433,712,"male","mature",2
2014022,2,1014,2014,446,784,"female","immature",2
2014022,2,1014,2014,439,922,"male","mature",2
2014022,2,1014,2014,514,1533,"male","mature",4
2014022,2,1014,2014,367,453,"male","mature",1
2014022,2,1014,2014,494,1097,"male","mature",3
2014022,2,1014,2014,448,913,"male","mature",2
2014022,2,1014,2014,381,532,"female","immature",1
2014022,2,1014,2014,411,652,"male","mature",2
2014022,2,1014,2014,367,458,"female","immature",1
2014022,2,1014,2014,337,550,"male","mature",1
2014023,2,1016,2014,475,1013,"male","mature",3
2014023,2,1016,2014,466,948,"male","mature",3
2014023,2,1016,2014,444,954,"male","mature",2
2014023,2,1016,2014,649,2712,"female","mature",7
2014023,2,1016,2014,506,1240,"male","mature",4
2014023,2,1016,2014,506,1308,"male","mature",4
2014023,2,1016,2014,452,787,"female","immature",2
2014023,2,1016,2014,367,435,"female","immature",1
2014023,2,1016,2014,451,982,"female","immature",2
2014023,2,1016,2014,377,541,"male","mature",1
2014023,2,1016,2014,353,356,"female","immature",1
2014023,2,1016,2014,381,496,"female","immature",1
2014023,2,1016,2014,518,1472,"male","mature",4
2014023,2,1016,2014,489,1321,"male","mature",3
2014023,2,1016,2014,427,820,"female","immature",2
2014023,2,1016,2014,352,382,"female","immature",1
2014023,2,1016,2014,323,356,"female","immature",1
2014023,2,1016,2014,481,1063,"male","mature",3
2014023,2,1016,2014,301,287,"male","immature",1
2014023,2,1016,2014,360,418,"female","immature",1
2014023,2,1016,2014,264,175,"female","immature",0
2014023,2,1016,2014,343,364,"male","mature",1
2014023,2,1016,2014,386,498,"female","immature",1
2014023,2,1016,2014,379,441,"female","immature",1
2014023,2,1016,2014,369,475,"female","immature",1
2014023,2,1016,2014,373,453,"male","immature",1
2014023,2,1016,2014,451,859,"female","immature",2
2014023,2,1016,2014,370,464,"male","mature",1
2014023,2,1016,2014,381,475,"female","immature",1
2014023,2,1016,2014,361,454,"female","immature",1
2014023,2,1016,2014,357,409,"female","immature",1
2014023,2,1016,2014,369,486,"female","immature",1
2014023,2,1016,2014,362,414,"female","immature",1
2014023,2,1016,2014,354,406,"male","immature",1
2014023,2,1016,2014,391,513,"female","immature",1
2014023,2,1016,2014,360,410,"female","immature",1
2014023,2,1016,2014,381,445,"female","immature",1
2014023,2,1016,2014,354,397,"male","immature",1
2014023,2,1016,2014,369,445,"female","immature",1
2014023,2,1016,2014,454,907,"female","immature",2
2014023,2,1016,2014,478,1153,"female","immature",2
2014023,2,1016,2014,464,878,"male","mature",3
2014023,2,1016,2014,403,717,"male","mature",2
2014023,2,1016,2014,452,958,"male","mature",6
2014023,2,1016,2014,533,1479,"male","mature",10
2014025,2,1008,2014,533,1475,"female","mature",3
2014025,2,1008,2014,451,938,"male","mature",3
2014025,2,1008,2014,483,1165,"male","mature",3
2014025,2,1008,2014,463,905,"male","mature",2
2014025,2,1008,2014,362,414,"male","immature",1
2014025,2,1008,2014,581,2194,"male","mature",9
2014025,2,1008,2014,476,1054,"male","mature",3
2014025,2,1008,2014,496,1231,"male","mature",3
2014025,2,1008,2014,480,1118,"male","mature",5
2014025,2,1008,2014,674,3243,"female","mature",7
2014025,2,1008,2014,508,1331,"female","mature",3
2014025,2,1008,2014,471,1053,"male","mature",3
2014025,2,1008,2014,511,1285,"female","mature",3
2014025,2,1008,2014,456,929,"female","immature",2
2014025,2,1008,2014,431,753,"male","mature",2
2014025,2,1008,2014,469,1010,"male","mature",3
2014025,2,1008,2014,453,926,"male","mature",3
2014025,2,1008,2014,554,1572,"female","mature",4
2014025,2,1008,2014,450,912,"male","mature",3
2014025,2,1008,2014,486,1072,"male","mature",4
2014025,2,1008,2014,439,797,"male","mature",2
2014025,2,1008,2014,544,1624,"female","mature",3
2014025,2,1008,2014,514,1249,"female","mature",2
2014025,2,1008,2014,464,1127,"male","mature",3
2014025,2,1008,2014,417,720,"male","mature",2
2014025,2,1008,2014,409,799,"male","mature",3
2014025,2,1008,2014,584,1841,"female","mature",4
2014025,2,1008,2014,436,856,"male","mature",2
2014025,2,1008,2014,371,433,"female","immature",1
2014025,2,1008,2014,517,1385,"male","mature",6
2014025,2,1008,2014,491,1047,"female","immature",2
2014025,2,1008,2014,438,883,"male","mature",2
2014025,2,1008,2014,533,1505,"female","mature",3
2014025,2,1008,2014,509,1353,"female","mature",3
2014025,2,1008,2014,468,1047,"male","mature",3
2014025,2,1008,2014,463,974,"male","mature",3
2014025,2,1008,2014,376,486,"male","mature",2
2014025,2,1008,2014,448,949,"male","mature",2
2014025,2,1008,2014,392,520,"male","mature",1
2014025,2,1008,2014,533,1415,"male","mature",7
2014025,2,1008,2014,475,1145,"male","mature",4
2014025,2,1008,2014,543,1678,"female","mature",3
2014025,2,1008,2014,473,997,"male","mature",3
2014025,2,1008,2014,433,738,"male","mature",2
2014025,2,1008,2014,435,754,"female","immature",2
2014025,2,1008,2014,453,1038,"male","mature",3
2014025,2,1008,2014,557,1904,"male","mature",7
2014025,2,1008,2014,463,1012,"male","mature",3
2014025,2,1008,2014,485,1103,"male","mature",4
2014025,2,1008,2014,368,407,"female","immature",1
2014025,2,1008,2014,358,361,"male","immature",1
2014025,2,1008,2014,357,400,"male","immature",1
2014025,2,1008,2014,362,403,"female","immature",1
2014025,2,1008,2014,481,1203,"male","mature",4
2014025,2,1008,2014,477,1117,"female","mature",3
2014025,2,1008,2014,532,1370,"female","mature",3
2014025,2,1008,2014,451,961,"female","immature",2
2014025,2,1008,2014,453,926,"female","immature",2
2014025,2,1008,2014,462,1054,"male","mature",3
2014026,2,1010,2014,494,1123,"female","mature",3
2014026,2,1010,2014,438,770,"male","mature",2
2014026,2,1010,2014,582,2224,"female","mature",4
2014026,2,1010,2014,536,1507,"male","mature",7
2014026,2,1010,2014,546,1565,"male","mature",6
2014026,2,1010,2014,422,756,"male","mature",2
2014026,2,1010,2014,376,467,"male","mature",1
2014026,2,1010,2014,393,554,"female","immature",1
2014026,2,1010,2014,374,536,"male","mature",1
2014026,2,1010,2014,332,344,"male","immature",1
2014026,2,1010,2014,372,473,"female","immature",1
2014026,2,1010,2014,349,365,"male","mature",1
2014026,2,1010,2014,382,505,"female","immature",1
2014026,2,1010,2014,517,1546,"female","mature",3
2014026,2,1010,2014,541,1654,"male","mature",13
2014026,2,1010,2014,355,409,"female","immature",1
2014026,2,1010,2014,436,786,"male","mature",2
2014026,2,1010,2014,590,1977,"male","mature",11
2014026,2,1010,2014,358,446,"female","immature",1
2014026,2,1010,2014,477,1089,"male","mature",3
2014026,2,1010,2014,463,1087,"male","mature",3
2014026,2,1010,2014,541,1417,"female","mature",3
2014026,2,1010,2014,380,521,"female","immature",1
2014026,2,1010,2014,426,872,"male","mature",2
2014026,2,1010,2014,456,860,"female","immature",2
2014026,2,1010,2014,323,327,"male","immature",1
2014026,2,1010,2014,255,149,"female","immature",0
2014027,2,1031,2014,570,2020,"female","mature",4
2014027,2,1031,2014,496,1295,"male","mature",4
2014027,2,1031,2014,480,1287,"male","mature",3
2014027,2,1031,2014,554,2045,"female","mature",5
2014027,2,1031,2014,495,1192,"female","mature",2
2014027,2,1031,2014,472,1175,"male","mature",3
2014027,2,1031,2014,472,1175,"male","mature",3
2014027,2,1031,2014,544,1590,"female","mature",5
2014027,2,1031,2014,497,1480,"male","mature",4
2014027,2,1031,2014,510,1317,"male","mature",4
2014027,2,1031,2014,347,381,"female","immature",1
2014027,2,1031,2014,352,396,"male","mature",1
2014028,2,1033,2014,479,1229,"female","mature",3
2014028,2,1033,2014,510,1703,"male","mature",6
2014028,2,1033,2014,727,3733,"female","mature",11
2014028,2,1033,2014,533,1589,"female","mature",3
2014028,2,1033,2014,443,853,"male","mature",2
2014028,2,1033,2014,508,1502,"male","mature",4
2014028,2,1033,2014,467,996,"male","mature",2
2014028,2,1033,2014,506,1459,"female","mature",3
2014028,2,1033,2014,467,1105,"female","mature",4
2014028,2,1033,2014,528,1454,"female","mature",4
2014028,2,1033,2014,450,836,"male","mature",4
2014028,2,1033,2014,432,775,"male","mature",2
2014028,2,1033,2014,365,425,"male","immature",1
2014028,2,1033,2014,407,628,"male","mature",2
2014028,2,1033,2014,493,1263,"male","mature",5
2014028,2,1033,2014,482,1051,"female","immature",2
2014028,2,1033,2014,519,1527,"male","mature",7
2014028,2,1033,2014,537,1554,"female","mature",4
2014028,2,1033,2014,388,498,"male","mature",1
2014028,2,1033,2014,517,1479,"male","mature",4
2014028,2,1033,2014,456,947,"female","immature",2
2014028,2,1033,2014,344,324,"male","immature",1
2014030,2,1035,2014,445,1039,"male","mature",5
2014030,2,1035,2014,501,1377,"female","mature",3
2014030,2,1035,2014,464,967,"female","immature",2
2014030,2,1035,2014,505,1310,"female","mature",3
2014030,2,1035,2014,429,768,"male","mature",2
2014030,2,1035,2014,451,973,"male","mature",3
2014030,2,1035,2014,527,1448,"female","immature",3
2014030,2,1035,2014,471,1047,"male","mature",3
2014030,2,1035,2014,484,1155,"male","mature",3
2014030,2,1035,2014,526,1415,"male","mature",4
2014030,2,1035,2014,468,1126,"male","mature",3
2014030,2,1035,2014,473,997,"male","mature",4
2014030,2,1035,2014,428,760,"male","mature",2
2014030,2,1035,2014,380,537,"female","immature",1
2014030,2,1035,2014,445,809,"female","immature",2
2014030,2,1035,2014,479,1104,"male","mature",3
2014030,2,1035,2014,539,1609,"male","mature",4
2014030,2,1035,2014,428,744,"male","mature",2
2014030,2,1035,2014,485,1192,"male","mature",4
2014030,2,1035,2014,655,3035,"female","mature",6
2014030,2,1035,2014,480,1074,"female","immature",2
2014030,2,1035,2014,365,420,"male","mature",1
2014030,2,1035,2014,342,346,"male","immature",1
2014030,2,1035,2014,364,408,"male","mature",1
2014030,2,1035,2014,468,1148,"male","mature",3
2014030,2,1035,2014,428,816,"male","mature",3
2014030,2,1035,2014,527,1386,"male","mature",5
2014030,2,1035,2014,583,2171,"female","mature",4
2014030,2,1035,2014,522,1494,"female","mature",3
2014030,2,1035,2014,541,1635,"female","mature",3
2014030,2,1035,2014,588,2075,"male","mature",11
2014030,2,1035,2014,527,1603,"male","mature",5
2014030,2,1035,2014,512,1445,"male","mature",5
2014030,2,1035,2014,500,1406,"male","mature",5
2014030,2,1035,2014,371,471,"female","immature",1
2014030,2,1035,2014,458,951,"male","mature",3
2014030,2,1035,2014,463,1275,"male","mature",4
2014030,2,1035,2014,473,1009,"male","mature",3
2014030,2,1035,2014,445,874,"female","immature",2
2014030,2,1035,2014,518,1420,"female","mature",4
2014030,2,1035,2014,357,431,"male","mature",1
2014030,2,1035,2014,350,382,"female","immature",1
2014032,2,1036,2014,442,989,"male","mature",3
2014032,2,1036,2014,575,1931,"female","mature",4
2014032,2,1036,2014,527,1645,"female","mature",3
2014032,2,1036,2014,470,921,"female","immature",2
2014032,2,1036,2014,505,1359,"male","mature",4
2014032,2,1036,2014,439,929,"male","mature",2
2014032,2,1036,2014,393,537,"male","immature",1
2014032,2,1036,2014,564,1926,"female","mature",5
2014032,2,1036,2014,558,1771,"female","mature",4
2014032,2,1036,2014,586,1663,"male","mature",11
2014032,2,1036,2014,463,904,"female","immature",2
2014032,2,1036,2014,475,1012,"female","immature",2
2014032,2,1036,2014,344,390,"male","immature",1
2014032,2,1036,2014,368,448,"female","immature",1
2014032,2,1036,2014,346,385,"male","immature",1
2014032,2,1036,2014,361,438,"female","immature",1
2014035,2,1063,2014,528,1383,"female","immature",3
2014035,2,1063,2014,527,1343,"male","mature",4
2014035,2,1063,2014,510,1395,"female","mature",3
2014035,2,1063,2014,494,1399,"female","mature",3
2014035,2,1063,2014,485,1078,"male","mature",5
2014035,2,1063,2014,451,928,"male","mature",6
2014035,2,1063,2014,484,1251,"female","mature",2
2014035,2,1063,2014,463,1042,"male","mature",3
2014035,2,1063,2014,428,749,"male","mature",5
2014036,2,1064,2014,541,1709,"male","mature",5
2014036,2,1064,2014,545,1513,"male","mature",8
2014036,2,1064,2014,486,1090,"female","immature",2
2014036,2,1064,2014,471,1015,"male","mature",3
2014036,2,1064,2014,432,813,"female","immature",2
2014036,2,1064,2014,361,438,"female","immature",1
2014039,2,1073,2014,367,472,"female","immature",1
2014039,2,1073,2014,428,749,"male","mature",2
2014039,2,1073,2014,353,388,"male","immature",1
2014039,2,1073,2014,372,475,"male","mature",1
2014039,2,1073,2014,409,665,"female","immature",2
2014039,2,1073,2014,331,336,"male","immature",1
2014039,2,1073,2014,474,954,"female","immature",2
2014039,2,1073,2014,375,424,"female","immature",1
2014039,2,1073,2014,348,331,"female","immature",1
2014039,2,1073,2014,367,483,"male","immature",1
2014039,2,1073,2014,483,1064,"male","mature",4
2014039,2,1073,2014,521,1418,"female","mature",3
2014039,2,1073,2014,517,1463,"male","mature",4
2014039,2,1073,2014,496,1225,"male","mature",4
2014039,2,1073,2014,567,1758,"female","mature",4
2014039,2,1073,2014,552,1737,"male","mature",6
2014039,2,1073,2014,575,2093,"female","mature",4
2014039,2,1073,2014,658,3147,"female","mature",9
2014039,2,1073,2014,560,1788,"female","mature",4
2014039,2,1073,2014,549,1629,"female","mature",4
2014039,2,1073,2014,381,500,"male","mature",1
2014041,2,1102,2014,495,1165,"male","mature",3
2014041,2,1102,2014,587,2134,"female","mature",7
2014041,2,1102,2014,638,2401,"female","mature",7
2014041,2,1102,2014,530,1554,"female","mature",4
2014041,2,1102,2014,521,1491,"female","mature",3
2014041,2,1102,2014,518,1488,"female","mature",3
2014041,2,1102,2014,491,1276,"female","mature",3
2014041,2,1102,2014,525,1277,"female","mature",4
2014041,2,1102,2014,515,1473,"female","mature",3
2014041,2,1102,2014,495,1230,"female","mature",3
2014041,2,1102,2014,526,1569,"female","mature",3
2014041,2,1102,2014,517,1390,"female","mature",3
2014041,2,1102,2014,524,1624,"female","mature",3
2014041,2,1102,2014,551,1701,"female","mature",4
2014041,2,1102,2014,527,1436,"female","mature",3
2014041,2,1102,2014,571,1938,"female","mature",4
2014041,2,1102,2014,528,1474,"female","mature",3
2014041,2,1102,2014,515,1379,"female","mature",3
2014041,2,1102,2014,581,2217,"female","mature",4
2014041,2,1102,2014,689,3653,"female","mature",11
2014042,2,1103,2014,455,851,"female","immature",2
2014042,2,1103,2014,492,1219,"male","mature",4
2014042,2,1103,2014,484,1311,"female","mature",3
2014044,2,1105,2014,602,2427,"female","mature",7
2014044,2,1105,2014,534,1744,"female","mature",3
2014044,2,1105,2014,352,443,"male","mature",1
2014044,2,1105,2014,375,453,"male","mature",1
2014044,2,1105,2014,375,495,"female","immature",1
2014047,2,1096,2014,519,1566,"female","mature",3
2014047,2,1096,2014,549,1662,"male","mature",7
2014047,2,1096,2014,587,2006,"female","mature",7
2014047,2,1096,2014,470,969,"female","immature",2
2014048,2,1154,2014,480,1012,"male","mature",3
2014048,2,1154,2014,537,1438,"female","mature",3
2014048,2,1154,2014,538,1779,"female","mature",4
2014048,2,1154,2014,442,850,"male","mature",3
2014050,2,1157,2014,582,1979,"female","mature",4
2014050,2,1157,2014,536,1587,"female","mature",3
2014050,2,1157,2014,490,1290,"female","immature",3
2014053,2,1158,2014,498,1199,"female","mature",3
2014053,2,1158,2014,499,1298,"female","mature",3
2014053,2,1158,2014,515,1617,"female","mature",2
2014053,2,1158,2014,556,1923,"female","mature",4
2014053,2,1158,2014,687,3307,"female","mature",11
2014053,2,1158,2014,578,2099,"female","mature",4
2014053,2,1158,2014,368,444,"female","immature",1
2014054,2,1159,2014,567,1821,"female","mature",4
2014054,2,1159,2014,657,3180,"female","mature",8
2014054,2,1159,2014,521,1321,"female","mature",3
2014054,2,1159,2014,562,1847,"female","mature",4
2014054,2,1159,2014,546,1704,"female","mature",4
2014054,2,1159,2014,636,2697,"female","mature",6
2014054,2,1159,2014,525,1360,"male","mature",7
2014054,2,1159,2014,441,1011,"female","mature",3
2014054,2,1159,2014,465,1184,"male","mature",3
2014054,2,1159,2014,442,928,"female","immature",2
2014054,2,1159,2014,552,1848,"female","mature",4
2014054,2,1159,2014,502,1357,"female","mature",2
2014054,2,1159,2014,498,1266,"male","mature",4
2014054,2,1159,2014,514,1456,"male","mature",6
2014054,2,1159,2014,530,1548,"female","mature",4
2014054,2,1159,2014,378,535,"male","immature",1
2014054,2,1159,2014,451,876,"female","mature",2
2014054,2,1159,2014,362,452,"male","immature",1
2014054,2,1159,2014,321,309,"male","immature",1
2014054,2,1159,2014,710,3790,"female","mature",16
2014054,2,1159,2014,664,3217,"female","mature",8
2014054,2,1159,2014,473,970,"female","immature",2
2014054,2,1159,2014,610,2271,"female","mature",4
2014054,2,1159,2014,752,4003,"female","mature",11
2014054,2,1159,2014,516,1729,"female","mature",3
2014054,2,1159,2014,491,1252,"male","mature",4
2014054,2,1159,2014,513,1533,"female","mature",3
2014054,2,1159,2014,468,1013,"female","immature",2
2014054,2,1159,2014,392,698,"female","immature",2
2014054,2,1159,2014,585,2297,"female","mature",7
2014054,2,1159,2014,511,1378,"female","mature",2
2014054,2,1159,2014,437,920,"female","mature",3
2014054,2,1159,2014,612,2177,"female","mature",7
2014054,2,1159,2014,655,3160,"female","mature",9
2014054,2,1159,2014,574,1985,"female","mature",5
2014054,2,1159,2014,534,1710,"female","mature",3
2014054,2,1159,2014,518,1518,"female","mature",4
2014054,2,1159,2014,526,1358,"female","mature",3
2014054,2,1159,2014,502,1356,"female","mature",3
